<?xml version="1.0" encoding="UTF-8"?>

<Company>
  <Employees>
  
      <Name>Vanesa</Name>
      <LastName>Guiral</LastName>
      <PhoneNumber>3564598624</PhoneNumber>
      <Email>Vanesa@Guiral.com</Email>
      <Address>
           <Country>Colombia</Country>
           <City>Cali</City>
           <Department>Valle del cauca</Department>
      </Address>
      
  </Employees>

  <Employees>
  
      <Name>Victor</Name>
      <LastName>Ortiz</LastName>
      <PhoneNumber>365249865</PhoneNumber>
      <Email>Victor@Ortiz.com</Email>
      <Address>
           <Country>Colombia</Country>
           <City>Cali</City>
           <Department>Valle del cauca</Department>
      </Address>
      
  </Employees>

  <Employees>
  
      <Name>Ricardo</Name>
      <LastName>Gonzalez</LastName>
      <PhoneNumber>35642985</PhoneNumber>
      <Email>Ricardo@Gonzalez.com</Email>
      <Address>
           <Country>Colombia</Country>
           <City>Yopal</City>
           <Department>Casanare</Department>
      </Address>
      
  </Employees>

  <Employees>
  
      <Name>Aide</Name>
      <LastName>Salazar</LastName>
      <PhoneNumber>3265621024</PhoneNumber>
      <Email>Aide@Salazar.com</Email>
      <Address>
           <Country>Colombia</Country>
           <City>Cundinamarca</City>
           <Department>Bogota</Department>
      </Address>
      
  </Employees>

  <Employees>
  
      <Name>Ivan</Name>
      <LastName>Urbano</LastName>
      <PhoneNumber>3125469352</PhoneNumber>
      <Email>Ivan@Urbano.com</Email>
      <Address>
           <Country>Colombia</Country>
           <City>Medellin</City>
           <Department>Antioquia</Department>
      </Address>
      
  </Employees>

  <Employees>
  
      <Name>Blanca</Name>
      <LastName>Ramirez</LastName>
      <PhoneNumber>3659865824</PhoneNumber>
      <Email>Blanca@Ramirez.com</Email>
      <Address>
           <Country>Colombia</Country>
           <City>Cali</City>
           <Department>Valle del cauca</Department>
      </Address>
      
  </Employees>

  <Employees>
  
      <Name>Aleida</Name>
      <LastName>Castaño</LastName>
      <PhoneNumber>3245875655</PhoneNumber>
      <Email>Aleida@Castaño.com</Email>
      <Address>
           <Country>Colombia</Country>
           <City>Dorada</City>
           <Department>Caldas</Department>
      </Address>
      
  </Employees>

  <Employees>
  
      <Name>Andrea</Name>
      <LastName>Castillo</LastName>
      <PhoneNumber>3586986624</PhoneNumber>
      <Email>Andrea@Castillo.com</Email>
      <Address>
           <Country>Colombia</Country>
           <City>Cali</City>
           <Department>Valle del cauca</Department>
      </Address>
      
  </Employees>

  <Employees>
  
      <Name>Camila</Name>
      <LastName>Torres</LastName>
      <PhoneNumber>3656668521</PhoneNumber>
      <Email>Camila@Torres.com</Email>
      <Address>
           <Country>Colombia</Country>
           <City>Cundinamarca</City>
           <Department>Bogota</Department>
      </Address>
      
  </Employees>

  <Employees>
  
      <Name>Natalia</Name>
      <LastName>Navarro</LastName>
      <PhoneNumber>365784211</PhoneNumber>
      <Email>Natalia@Navarro.com</Email>
      <Address>
           <Country>Colombia</Country>
           <City>Tunja</City>
           <Department>Boyaca</Department>
      </Address>
      
  </Employees>

  <Employees>
  
      <Name>Maria</Name>
      <LastName>Gomez</LastName>
      <PhoneNumber>365888442</PhoneNumber>
      <Email>Maria@Gomez.com</Email>
      <Address>
           <Country>Colombia</Country>
           <City>Pereira</City>
           <Department>Risaralda</Department>
      </Address>
      
  </Employees>
</Company>